{
	"coc.preferences.extensionUpdateCheck": "never",

	"suggest.noselect": true,

	"suggest.completionItemKindLabels": {
		"class": "\uf0e8",
		"color": "\ue22b",
		"constant": "\uf8fe",
		"default": "\uf29c",
		"enum": "\uf435",
		"enumMember": "\uf02b",
		"event": "\ufacd",
		"field": "\uf93d",
		"file": "\uf723",
		"folder": "\uf115",
		"function": "\u0192",
		"interface": "\uf417",
		"keyword": "\uf1de",
		"method": "\uf6a6",
		"module": "\uf40d",
		"operator": "\uf915",
		"property": "\ue624",
		"reference": "\ufa46",
		"snippet": "\ue60b",
		"struct": "\ufb44",
		"text": "\ue612",
		"typeParameter": "\uf728",
		"unit": "\uf475",
		"value": "\uf89f",
		"variable": "\ue71b"
	},

	"suggest.enablePreselect": false,

	"texlab.build.executable":"I:/texlive/2021/bin/win32/xelatex.exe",
	"texlab.forwardSearch.executable":"I:/Software/SumatraPDF/SumatraPDF.exe",
	"texlab.build.onSave": true
}
